Movil;Items;Complejidad;Localidad;Propuesta Base;Direccion;Subred Integrada De Servicios De Salud;Coordenadas Geograficas;;;;;;;;;
6852;1;TAM;ANTONIO NARIÑO;Éxito Ciudad Jardín;KRA 12D 16 Sur 48;Subred Centro Oriente;4 34 57.04 N 74 5 50.56 W;;;;;;;;;
6996;2;TAM;ANTONIO NARIÑO;EDS TEXACO AV CL 11;AV CL 11 SUR 15 11;Subred Centro Oriente;4 35 11.35 N 74 5 47.57 W;;;;;;;;;
7070;3;TAM;ANTONIO NARIÑO;Centro Comercial Centro Mayor;CL 38A SUR 34D 51;Subred Sur;4°35′25.93″N 74°7′23.94″W;;;;;;;;; 
7071;4;TAM;ANTONIO NARIÑO;EDS PRIMAX LAS DELICIAS;AUTO SUR 59A 50;Subred Sur;4°35'43.38"N 74°8'45.42"W;;;;;;;;; 
7072;5;TAM;BARRIOS UNIDOS;Casino Central de Suboficiales Fuerza Aeroespacial Colombiana;KRA 61 96 02;Subred Norte;4°41′3.89″N 74°4′3.56″W;;;;;;;; ;
7073;6;TAM;BARRIOS UNIDOS;Centro comercial Iserra 100;Transversal 55 # 98A-66;Subred Norte;4°41′17.71″N 74°3′51.88″W;;;;;;; ;;
6341;7;TAB;BARRIOS UNIDOS;;IDRD calle 63a 59a;Subred Norte;4°39′27.15″N 74°5′5.8″W;;;;;;;;;
6875;8;TAB;BOSA;Terminal Satelite del Sur;CL 57Q 75F 82;Subred Sur Occidente;4°35′54.74″N 74°10′36.11″W;;;;;;;;;
6876;9;TAB;BOSA;EDS TERPEL BETANIA;KR 86 A 52 19 SUR;Subred Sur Occidente;4°37′36.01″N 74°10′39.19″W;;;;;;;;;
6877;10;TAB;BOSA;Metro Bosa Atalayas;KRA 92 60 90 SUR;Subred Sur Occidente;4°37′49.33″N 74°11′37.53″W;;;;;;;;;
6878;11;TAB;BOSA;Portal TransMilenio del Sur;AUTOPISTA SUR TV 73;Subred Sur Occidente;4°35′41.06″N 74°9′52.2″W;;;;;;;;;
7050;12;TAB;BOSA;Jumbo autopista sur;CL 57 77A 18 SUR;Subred Sur Occidente;4°35′49.97″N 74°9′59.44″W;;;;;;;;;
7051;13;TAB;CHAPINERO;Casino Central de Oficiales de la Fuerza Aérea Colombiana;CL 64 4 21;Subred Norte;4°38′48.71″N 74°3′21.14″W;;;;;;;;;
7092;14;TAM;CHAPINERO;EDS PRIMAX EL TRIÁNGULO AUTOGAS;KRA 7 59 47;Subred Norte;4°38′41.03″N 74°3′41.83″W;;;;;;;;;
6851;15;TAM;CHAPINERO;Centro comercial los heroes;Carrera 19A # 79-99;Subred Norte;4°39′59.83″N 74°3′36.3″W;;;;;;;;;
6880;16;TAB;CIUDAD BOLIVAR;EDS TERPEL GANADERO;CL 71 BIS SUR 17 88;Subred Sur;4°32′47.26″N 74°8′14.95″W;;;;;;;;;
6379;17;TAB;CIUDAD BOLIVAR;EDS TERPEL LAS VEGAS GAZEL;KR 51 58D 17 SUR;Subred Sur;4°34′50.85″N 74°9′15.73″W;;;;;;;;;
6879;18;TAB;CIUDAD BOLIVAR;Centro Comercial Gran Plaza El Ensueño;AV VILLAVICENCIO TV 63;Subred Sur;4°35′5.42″N 74°9′23.86″W;;;;;;;;;
6340;19;TAB;CIUDAD BOLIVAR;EDS TEXACO CIUDAD BOLÍVAR;DG 62 SUR 21 A 36;Subred Sur;4°34′2.39″N 74°8′32.87″W;;;;;;;;;
6968;20;TAM;CIUDAD BOLIVAR;Cafam madelena;CL 57R SUR 67 71;Subred Sur;4°35′41.47″N 74°9′37.54″W;;;;;;;;;
6399;21;TAB;CIUDAD BOLIVAR;Centro Comercial Gran Plaza El Ensueño;Av. Cdad. de Villavicencio #TV 63, Bogotá;Subred Sur;4°35′5.42″N 74°9′23.86″W;;;;;;;;;
6438;22;TAB;CIUDAD BOLIVAR;UNIVERSIDAD DISTRITAL FRANCISCO JOSE DE CALDAS FACULTAD TECNOLOGIA;Calle 68 n bis a sur # 49 f 70;Subred Sur;4°34′49.13″N 74°9′19.18″W;;;;;;;;;
6403;23;TAB;CIUDAD BOLIVAR;MAKRO SUPERMAYORISTA S.A - VILLA DEL RÍO;KRA 63 57G CL 47 Sur;Subred Sur Occidente;4°35′49.62″N 74°9′8.96″W;;;;;;;;;
7033;24;TAM;ENGATIVA;Metro San Cayetano;CL 26 A 85 A 51;Subred Sur Occidente;4°40′37.81″N 74°7′0.37″W;;;;;;;;;
6564;25;TAB;ENGATIVA;Movil ESPEJO - Hospital de Engativa;Tv 100A #80a-50, Bogotá;Subred Norte;4°42′41.2″N 74°6′35.27″W;;;;;;;;;
7049;26;TAM;ENGATIVA;CENTRO COMERCIAL TITAN PLAZA;av boyaca # 80-94;Subred Norte;4°41′40.94″N 74°5′10.27″W;;;;;;;;;
6560;27;TAB;ENGATIVA;EDS SHELL;EDS SHELL LA ESPAÑOLA AV CL 80 86 94;Subred Norte;4°42′13.73″N 74°6′6.32″W;;;;;;;;;
6437;28;TAB;ENGATIVA;Estacion de bomberos Las Ferias ;Cra. 69j #72-61, Bogotá;Subred Norte;4°40′59.63″N 74°5′24.02″W;;;;;;;;;
7064;29;TAM;ENGATIVA;EDS SHELL TANQUEO SUR;AV BOYACA 55 41;Subred Norte;4°40′23.87″N 74°6′18.95″W;;;;;;;;;
6926;30;TAM;ENGATIVA;IDIGER;DG 47 77A 09;Subred Norte;4°40′29.3″N 74°6′48.58″W;;;;;;;;;
7063;31;TAM;ENGATIVA;USS ENGATIVA CALLE 80;Tv 100A #80a-50, Bogotá;Subred Norte;4°42′41.2″N 74°6′35.27″W;;;;;;;;;
7036;32;TAM;ENGATIVA;EDS ESSO SERVICIOS CONTINENTAL SAS;CL 80 90A 17;Subred Norte;4°42′17.64″N 74°6′21.05″W;;;;;;;;;
6406;33;TAB;FONTIBON;Centro Comercial Multiplaza;AV BOYACA CL 13;Subred Sur Occidente;4°39′6″N 74°7′31.78″W;;;;;;;;;
5179;34;TAB;FONTIBON;Centro Comercial Hayuelos;CL 20 82 52;Subred Sur Occidente;4°39′49.43″N 74°7′49.75″W;;;;;;;;;
6562;35;TAB;FONTIBON;SEDE ADMINISTRATIVA BOSTON SUBRED SUR OCCIDENTE;carrera 104 # 20c - 31;Subred Sur Occidente;4°40′41.69″N 74°8′37.74″W;;;;;;;;;
6937;36;TAB;FONTIBON;Centro de Comando, Control, Comunicaciones y Computo C4;CL 20 68A 06;Subred Norte;4°38′37.51″N 74°6′46.98″W;;;;;;;;;
7052;37;TAM;FONTIBON;Aeropuerto el Dorado;Aeropuerto el dorado AV dorado carrera 103;Subred Norte;4°42′15.97″N 74°8′16.45″W;;;;;;;;;
6939;38;TAM;KENNEDY;CUERPO DE BOMBEROS VOLUNTARIOS DE BOGOTA E UNO;CALLE 8 SUR 70B - 90;Subred Sur Occidente;4°37′7.88″N 74°8′6.82″W;;;;;;;;;
6899;39;;KENNEDY;EDS PETROBRAS EL VERGEL;AV CIUDAD DE CALI 12 75;Subred Sur Occidente;4°39′12.13″N 74°8′31.37″W;;;;;;;;;
6900;40;TAB;KENNEDY;Bomberos estación Kennedy;KR 79 41D 20 SUR;Subred Sur Occidente;4°37′11.84″N 74°9′32.36″W;;;;;;;;;
6992;41;TAB;KENNEDY;PARQUE INDUSTRIAL VILLA ALSACIA;Avenida callle 12 # 79A - 25;Subred Sur Occidente;4°38′55.56″N 74°8′15.87″W;;;;;;;;;
6932;42;TAB;KENNEDY;Centro Comercial Milenio Plaza;AK 86 42B 51 SUR;Subred Sur Occidente;4°37′48.38″N 74°10′7.8″W;;;;;;;;;
6929;43;;KENNEDY;Estación de servicio Primax la sevillana;AC 45 SUR 60;Subred Sur Occidente;4°35′43.19″N 74°8′45.35″W;;;;;;;;;
6856;44;TAM;KENNEDY;EDS TERPEL VILLA ALSACIA;CL 12 B 71 D 81;Subred Sur Occidente;4°38′43.91″N 74°7′49.23″W;;;;;;;;;
6902;45;TAB;KENNEDY;Movil ESPEJO - Hospital Kennedy;Av. 1 de Mayo #40B - 54, Bogotá;Subred Sur Occidente;4°36′59.48″N 74°9′11.94″W;;;;;;;;;
6903;46;TAB;LA CANDELARIA;Estación UAECOB B-17 Centro Histórico;CL 9 3 12 ESTE;Subred Centro Oriente;4°35′32.18″N 74°4′11.75″W;;;;;;;;;
6942;47;TAM;LA CANDELARIA;DIAN Edificio Sendas;KR 7 6C 54;Subred Sur Occidente;4°35′38.84″N 74°4′38.83″W;;;;;;;;;
6855;48;TAM;LOS MARTIRES;EDS TEXACO CL 1;CL 1 KRA 26;Subred Centro Oriente;4°35′42.74″N 74°6′2.83″W;;;;;;;;;
6897;49;TAB;PUENTE ARANDA;Secretaría Distrital de Salud de Bogotá;KRA 32 12 81;Subred Centro Oriente;4°36′46.37″N 74°6′13.25″W;;;;;;;;;
6934;50;TAB;PUENTE ARANDA;Alcaldía Local de Puente Aranda;Kra 31D # 4 - 05;Subred Centro Oriente;4°36′21.59″N 74°6′11.39″W;;;;;;;;;
6935;51;TAB;PUENTE ARANDA;EDS TEXACO 40;AV CL 26 SUR 52 57;Subred Sur Occidente;4°36′26.22″N 74°7′28.99″W;;;;;;;;;
6854;52;TAM;PUENTE ARANDA;EDS TERPEL TRINIDAD;KRA 68 1A 24;Subred Sur Occidente;4°37′21.7″N 74°7′27.84″W;;;;;;;;;
6898;53;TAB;PUENTE ARANDA;CRUE Cundinamarca;AV AMERICAS 54 95;Subred Sur Occidente;4°37′42.67″N 74°6′50.52″W;;;;;;;;;
6931;54;TAB;RAFAEL URIBE URIBE;EDS TEXACO MATATIGRES;KR 27 30 06;Subred Centro Oriente;4°35′0.29″N 74°7′33.25″W;;;;;;;;;
6442;55;TAB;SAN CRISTOBAL;EDS PRIMAX SANTA ANA;CLL 11 SUR 7 13;Subred Centro Oriente;4°34′43.98″N 74°5′13.03″W;;;;;;;;;
6901;56;TAB;SAN CRISTOBAL;EDS TERPEL LA HERRADURA;TV 6B ESTE 40A 35 SUR;Subred Centro Oriente;4°32′48.92″N 74°5′31.05″W;;;;;;;;;
6933;57;TAB;SAN CRISTOBAL;Estación UAECOB B-9 Bellavista;CL 41B SUR 15 ESTE 09;Subred Centro Oriente;4°32′45.91″N 74°4′54.06″W;;;;;;;;;
6905;58;TAB;SAN CRISTOBAL;Hospital San Blas;TV 5 Este # 19 - 50 Sur;Subred Centro Oriente;4°34′12.23″N 74°5′0.35″W;;;;;;;;;
6930;59;TAB;SAN CRISTOBAL;Centro de atención Balcanes;Calle sur # 1B - 10 Este;Subred Centro Oriente;4°34′28.92″N 74°4′52.8″W;;;;;;;;;
6896;60;TAB;SAN CRISTOBAL;EDS TEXACO SAN BLAS;KRA 3 ESTE 22 90 SUR;Subred Centro Oriente;4°34′7.2″N 74°5′7.67″W;;;;;;;;;
6978;61;TAB;SAN CRISTOBAL;Hospital San Blas;TV 5 Este # 19 - 50 Sur;Subred Centro Oriente;4°34′12.23″N 74°5′0.35″W;;;;;;;;;
7099;62;TAM;SAN CRISTOBAL;MOVIL ESPEJO - Estación de servicio Texaco Calle 11;TV 5 Este # 19 - 50 Sur;Subred Centro Oriente;4°34′12.23″N 74°5′0.35″W;;;;;;;;;
7082;63;TAM;SAN CRISTOBAL;MOVIL ESPEJO - Estacion de Servicio Texaco MataTigres;TV 5 Este # 19 - 50 Sur;Subred Centro Oriente;4°34′12.23″N 74°5′0.35″W;;;;;;;;;
6886;64;TAB;SAN CRISTOBAL;MOVIL ESPEJO;TV 5 Este # 19 - 50 Sur;Subred Centro Oriente;4°34′12.23″N 74°5′0.35″W;;;;;;;;;
6841;65;TAM;SAN CRISTOBAL;MOVIL ESPEJO;TV 5 Este # 19 - 50 Sur;Subred Centro Oriente;4°34′12.23″N 74°5′0.35″W;;;;;;;;;
6907;66;TAB;SAN CRISTOBAL;Vehiculo sale de circulacion;TV 5 Este # 19 - 50 Sur;Subred Centro Oriente;4°34′12.23″N 74°5′0.35″W;;;;;;;;;
7081;67;TAM;SAN CRISTOBAL;EDS TERPEL CARRERA 10;KR 10 31 SUR 50;Subred Sur;4°34′6.42″N 74°6′3.21″W;;;;;;;;;
7028;68;TAB;SUBA;USS Fray Bartolomé de las Casas;AV SUBA 106 47;Subred Norte;4°41′34.61″N 74°4′3.68″W;;;;;;;;;
6908;69;TAB;SUBA;Farmatodo Britalia norte;CL 167 73 02;Subred Norte;4°45′5.75″N 74°3′56.08″W;;;;;;;;;
6840;70;TAM;SUBA;EDS TERPEL LA CONEJERA;KRA 98A 140B 60;Subred Norte;4°44′28.02″N 74°5′23.99″W;;;;;;;;;
6894;71;TAB;SUBA;EDS PRIMAX LAGARTOS;AV BOYACA 95 31;Subred Norte;4°41′49.8″N 74°5′4.11″W;;;;;;;;;
7031;72;TAB;SUBA;Club Ecopetrol;AV SUBA 100 90;Subred Norte;4°41′26.5″N 74°3′52.66″W;;;;;;;;;
6906;73;TAB;SUBA;Bomberos estación suba;Calle 146c # 92-04;Subred Norte;4°44′28.39″N 74°5′6.32″W;;;;;;;;;
7098;74;TAM;SUBA;mercado zapatoca;carrera 104 # 152a - 65;Subred Norte;4°45′10.73″N 74°5′36.78″W;;;;;;;;;
6893;75;TAB;SUBA;Circulo de Suboficiales de las FFMM Colina campestre.;Cl 138 55 38;Subred Norte;4°43′37.28″N 74°3′37.82″W;;;;;;;;;
6969;76;TAM;TEUSAQUILLO;Concejo de Bogotá;CL 36 28A 06;Subred Norte;4°37′29.8″N 74°4′40.75″W;;;;;;;;;
6884;77;TAB;TEUSAQUILLO;Defensa Civil Colombiana - Dirección General;Cl. 52 #14-67, Bogotá;Subred Norte;4°38′21.91″N 74°4′1.9″W;;;;;;;;;
6979;78;TAM;TEUSAQUILLO;Instituto Nacional de Salud;CL 26 51 20;Subred Norte;4°38′29.44″N 74°5′41.87″W;;;;;;;;;
7029;79;TAB;TUNJUELITO;Subdirección local para la integración social Tunjuelito;DG 47A 53 92 SUR;Subred Sur;4°35′34.28″N 74°8′27.92″W;;;;;;;;;
6839;80;TAM;TUNJUELITO;MOVIL ESPEJO;Hospital Tunal;Subred Sur;4°34′18.6″N 74°7′42.17″W;;;;;;;;;
6885;81;TAB;TUNJUELITO;Centro Comercial Ciudad Tunal;CL 47B SUR 24B 33;Subred Sur;4°34′41.47″N 74°7′51.63″W;;;;;;;;;
6889;82;TAB;TUNJUELITO;EDS PETROMIL SERVI-CENTRO VENECIA;KR 53 52 B 11 SUR;Subred Sur;4°35′25.49″N 74°8′18.14″W;;;;;;;;;
6888;83;TAB;TUNJUELITO;EDS BRIO SAN CARLOS;AV CARACAS 50SUR 73;Subred Sur;4°34′35.78″N 74°7′35.2″W;;;;;;;;;
6972;84;TAM;TUNJUELITO;Bomberos estación Venecia;KR 49A SUR 49 61;Subred Sur;4°35′28.5″N 74°8′9.4″W;;;;;;;;;
6887;85;TAB;TUNJUELITO;frigorifico guadalupe;Autopista Sur N. 66-78;Subred Sur Occidente;4°35′42.2″N 74°9′5.74″W;;;;;;;;;
7027;86;TAB;USAQUEN;Centro Comercial Unicentro;KRA 15 124 30;Subred Norte;4°42′9.83″N 74°2′26.95″W;;;;;;;;;
6891;87;TAB;USAQUEN;;Codabas carrera 7 180-75;Subred Norte;4°45′22.44″N 74°1′31.33″W;;;;;;;;;
SMS030;88;SALUDMENTAL;USAQUEN;Éxito Norte;Cl 175 22 13;Subred Norte;4°45′16.42″N 74°2′40.57″W;;;;;;;;;
7030;89;TAB;USME;Centro Comercial AltaVista;KR 1A 65D 58 SUR;Subred Sur Occidente;4°31′58.76″N 74°7′2.76″W;;;;;;;;;
;;;;;;;;;;;;;;;;
;;;;;;;;;;;;;;;;
;;;;;;;;;;;;;;;;
;;;;;;;;;;;;;;;;
;;;;;;;;;;;;;;;;
